date,location,total_cases,new_deaths,stringency_index
01-01-2020,Germany,15895,319,8.409822447
,India,960,225,32.64335765
03-01-2020,Germany,,442,55.98443123
04-01-2020,USA,54986,439,11.58438568
05-01-2020,USA,6365,,37.6695362
06-01-2020,Japan,82486,364,
07-01-2020,Germany,37294,453,81.86794205
08-01-2020,Germany,87598,228,12.84487181
09-01-2020,,44231,376,28.33429483
10-01-2020,Brazil,60363,288,1.842771874
11-01-2020,France,16123,,43.22407839
12-01-2020,India,41190,149,84.01215027
13-01-2020,Japan,67321,276,39.21512114
14-01-2020,India,64920,197,17.94973234
15-01-2020,USA,869,69,75.36988341
16-01-2020,India,59835,111,78.88069819
17-01-2020,Japan,63055,3,17.37534753
18-01-2020,Germany,65025,349,77.08541085
19-01-2020,Japan,68069,330,94.72978883
20-01-2020,Germany,5411,445,16.63775869
21-01-2020,India,83204,317,77.09842925
22-01-2020,France,53807,349,70.85720046
23-01-2020,India,85405,94,
24-01-2020,,28793,151,5.792046056
25-01-2020,USA,72032,310,7.469441776
26-01-2020,France,93116,136,85.24146592
27-01-2020,Japan,25758,246,99.01483728
28-01-2020,USA,84578,386,67.60522572
29-01-2020,Germany,18531,242,44.5958307
30-01-2020,Brazil,2847,,64.75736434
31-01-2020,Japan,59250,39,59.43958592
01-02-2020,Brazil,65825,228,
02-02-2020,Japan,84754,35,6.562614457
03-02-2020,USA,35873,407,82.15129474
04-02-2020,India,67535,222,37.18335292
05-02-2020,USA,56986,5,81.87856434
06-02-2020,Germany,66903,321,25.25087497
07-02-2020,India,31651,467,0.102947985
08-02-2020,Germany,11494,219,15.89382833
,India,,74,46.85394168
10-02-2020,Brazil,3990,3,94.4303635
11-02-2020,Germany,41706,334,10.21936197
12-02-2020,Japan,96376,133,85.42097745
13-02-2020,Germany,80138,117,52.70240962
14-02-2020,India,87413,368,82.59207658
15-02-2020,India,10727,93,29.8374431
16-02-2020,Germany,8892,485,83.99471647
17-02-2020,France,74069,434,77.282278
18-02-2020,Japan,43101,61,23.0053683
19-02-2020,France,76652,440,
20-02-2020,USA,23997,193,86.80543225
21-02-2020,France,68248,334,96.32366534
22-02-2020,Japan,23583,202,3.130231375
23-02-2020,India,48655,391,73.1270067
24-02-2020,Japan,17259,25,90.95245109
25-02-2020,Japan,80177,434,85.73600921
26-02-2020,USA,36020,172,96.45204723
,USA,92167,299,76.00940784
28-02-2020,Germany,67221,132,44.22987624
,India,69579,,31.19519905
01-03-2020,Japan,89575,409,32.07427404
02-03-2020,France,,117,72.44226726
03-03-2020,USA,66657,323,74.5837012
04-03-2020,India,77289,274,20.03591435
05-03-2020,France,79053,211,
06-03-2020,USA,53095,224,71.49240402
07-03-2020,,,19,56.27502863
08-03-2020,Germany,9792,112,47.15324601
09-03-2020,Japan,45858,139,54.32328058
10-03-2020,Germany,72509,46,15.92457383
11-03-2020,USA,71311,0,20.37012493
12-03-2020,India,65797,,9.116449041
13-03-2020,France,37165,141,
14-03-2020,Germany,92193,319,45.36936346
15-03-2020,India,99399,37,53.03543937
16-03-2020,USA,32706,292,1.786189248
17-03-2020,Germany,11634,381,79.67978279
18-03-2020,Brazil,94763,138,29.41679733
19-03-2020,Germany,40497,355,91.1836035
20-03-2020,France,91487,332,96.75112636
21-03-2020,Brazil,1116,490,18.54588747
22-03-2020,Brazil,89889,258,46.20972908
23-03-2020,Japan,55691,160,
24-03-2020,USA,89912,389,59.83272651
,USA,23347,177,60.73064483
26-03-2020,Brazil,24400,,24.75399556
27-03-2020,France,74165,260,55.84126726
28-03-2020,USA,82898,406,22.55401424
29-03-2020,USA,9368,137,16.08254691
30-03-2020,France,86907,171,65.15194668
31-03-2020,France,12285,,32.5925464
01-04-2020,Brazil,,12,59.02639389
02-04-2020,Brazil,86879,167,43.3246749
03-04-2020,France,39199,129,98.43514074
04-04-2020,Brazil,8671,83,14.95806427
05-04-2020,Germany,38144,320,46.45985966
06-04-2020,Japan,51314,318,68.04566264
07-04-2020,India,61328,100,39.55450839
08-04-2020,Germany,49084,328,97.46998519
09-04-2020,Japan,40874,272,72.18876279
10-04-2020,,2668,264,65.69838576
11-04-2020,Brazil,62692,458,75.70592676
12-04-2020,USA,67663,398,95.2648638
13-04-2020,Japan,2795,407,
14-04-2020,,48290,37,72.42853081
15-04-2020,,5358,418,74.91616391
16-04-2020,Japan,87638,,14.5922074
17-04-2020,Japan,39604,94,10.27924045
18-04-2020,France,33259,304,57.09045018
,Germany,14086,68,1.836763694
20-04-2020,Japan,61958,317,48.23563816
21-04-2020,Japan,12766,443,21.03495799
22-04-2020,Brazil,38760,235,34.60165676
23-04-2020,France,,433,77.58047358
24-04-2020,Brazil,26954,333,
25-04-2020,France,64605,372,7.241627215
26-04-2020,Brazil,52351,375,53.4242206
27-04-2020,Germany,22762,458,88.25334858
28-04-2020,Japan,8492,136,8.250853444
29-04-2020,India,30635,417,82.45140469
30-04-2020,France,78703,75,35.78013509
01-05-2020,Japan,52356,482,32.20947022
02-05-2020,Japan,89235,34,97.74663863
03-05-2020,USA,35322,0,
04-05-2020,USA,77473,295,69.31939408
05-05-2020,Germany,79675,319,82.1440728
06-05-2020,France,96454,405,4.118349528
07-05-2020,Brazil,84751,59,67.03854584
,Brazil,63435,319,95.15499744
,France,11065,348,12.42199667
10-05-2020,India,24638,327,
11-05-2020,USA,70692,266,59.47766374
12-05-2020,Germany,98118,,61.66045819
13-05-2020,Brazil,8210,228,61.29441749
14-05-2020,Germany,79409,269,29.88358863
15-05-2020,Brazil,27366,315,
16-05-2020,India,53092,285,94.73504626
17-05-2020,USA,83048,,62.53046602
18-05-2020,India,98906,212,78.34227259
19-05-2020,Japan,7010,164,61.22579859
20-05-2020,Germany,91082,4,48.43984476
21-05-2020,Brazil,306,338,66.08201183
22-05-2020,India,87154,378,55.30014526
23-05-2020,France,87997,77,59.74758626
24-05-2020,Germany,23519,,78.38325534
25-05-2020,Brazil,50736,61,48.09038314
26-05-2020,Brazil,50115,131,4.075410609
27-05-2020,USA,54368,88,16.3999481
28-05-2020,France,88039,236,43.86072165
,Germany,18241,41,72.48265599
,France,80456,88,59.32786483
31-05-2020,Brazil,72010,401,65.02941859
01-06-2020,USA,56144,295,47.92789286
02-06-2020,France,67314,327,61.57420219
03-06-2020,Japan,,294,32.90174378
04-06-2020,Japan,55920,103,47.01825927
05-06-2020,USA,62723,13,74.42790656
06-06-2020,Japan,,287,87.1832779
07-06-2020,Germany,75550,,43.3655334
08-06-2020,Brazil,93526,,4.366165771
,Brazil,22399,421,16.16725441
10-06-2020,Brazil,43685,352,2.086113929
11-06-2020,France,64144,22,65.32630192
12-06-2020,Germany,42657,62,33.23146254
13-06-2020,Brazil,49180,142,54.24786357
14-06-2020,India,2793,480,49.32768468
15-06-2020,Japan,,,8.152648955
16-06-2020,Brazil,95359,144,40.32613611
17-06-2020,Brazil,69263,224,22.05611249
18-06-2020,France,26039,,41.83997887
19-06-2020,USA,49025,449,20.35782803
20-06-2020,France,43041,461,84.04524063
21-06-2020,Japan,21934,308,17.41933366
22-06-2020,Germany,,103,96.07805515
23-06-2020,Germany,26205,103,41.59073661
24-06-2020,France,75866,434,84.6245292
25-06-2020,France,15807,38,62.87648182
26-06-2020,Japan,22076,434,73.53502987
27-06-2020,India,,197,76.77238881
28-06-2020,France,23876,,50.48448819
29-06-2020,Japan,30180,66,54.33005234
30-06-2020,Brazil,66942,390,51.39958678
01-07-2020,Germany,61473,178,58.80583781
02-07-2020,Brazil,6876,455,2.939444576
03-07-2020,India,92887,41,39.55151698
04-07-2020,India,55116,447,60.61887136
05-07-2020,India,9574,499,59.77235653
06-07-2020,India,58153,14,79.29560946
,India,22059,110,65.50093388
08-07-2020,Japan,5630,156,
09-07-2020,Japan,94956,288,28.38545286
10-07-2020,India,3848,499,35.91510297
11-07-2020,Germany,97604,477,38.38471519
12-07-2020,Brazil,98198,230,46.5812807
13-07-2020,India,13645,410,83.59980638
14-07-2020,Germany,66299,419,23.5792094
15-07-2020,India,34866,156,77.6000207
16-07-2020,Germany,73630,37,40.53101831
,USA,93657,440,60.18553837
18-07-2020,India,61187,96,63.25405332
19-07-2020,Japan,95939,484,37.28486372
20-07-2020,Japan,68940,410,51.26152052
21-07-2020,Japan,54484,438,41.30311746
22-07-2020,Japan,51105,288,6.913278619
23-07-2020,India,46676,253,43.71653888
24-07-2020,USA,39453,195,9.739339255
25-07-2020,Brazil,62103,85,40.50207991
26-07-2020,France,83311,321,59.29183998
27-07-2020,Brazil,52833,9,57.94148993
28-07-2020,USA,65418,4,66.2621279
29-07-2020,France,89574,122,9.526150795
30-07-2020,USA,23764,329,65.21232455
31-07-2020,Germany,,352,31.21480567
01-08-2020,USA,85716,117,39.90459461
02-08-2020,Germany,93364,293,85.79862539
03-08-2020,USA,26836,396,0.903040413
04-08-2020,Japan,94309,158,58.84126333
05-08-2020,Germany,954,302,59.87139801
06-08-2020,India,90184,227,39.66597763
07-08-2020,USA,38723,364,23.70278571
08-08-2020,Japan,7492,215,23.46740383
09-08-2020,Japan,,435,
10-08-2020,Germany,46817,183,44.20243738
11-08-2020,Japan,87192,14,33.0889363
,Brazil,50959,156,44.87775738
13-08-2020,,26409,135,66.93904015
14-08-2020,Germany,87555,260,14.57565682
15-08-2020,,63834,156,44.94338352
16-08-2020,France,70567,46,58.78843711
17-08-2020,USA,52762,323,94.85833549
18-08-2020,,98606,331,25.25277821
19-08-2020,Japan,12788,172,35.92507479
20-08-2020,USA,25442,129,37.93585899
21-08-2020,Brazil,37257,410,60.55381576
22-08-2020,France,67963,94,35.6732053
23-08-2020,Brazil,52183,114,53.35119253
24-08-2020,USA,65833,242,78.17903298
25-08-2020,,89145,,70.53855941
26-08-2020,Brazil,34798,291,44.63686465
27-08-2020,Germany,,281,86.42161777
28-08-2020,Brazil,22771,298,55.81402496
29-08-2020,France,25284,,53.99058395
,Germany,93484,68,
31-08-2020,,42207,147,98.66929804
01-09-2020,France,86302,10,12.29708085
02-09-2020,Japan,51763,253,23.11309124
03-09-2020,USA,15808,329,5.169683724
04-09-2020,India,92006,359,64.00029668
05-09-2020,Germany,49911,37,22.4701177
06-09-2020,France,2911,133,18.00104375
07-09-2020,France,56350,199,8.855558422
08-09-2020,Brazil,72182,22,10.33089571
09-09-2020,Brazil,34854,302,58.46707004
10-09-2020,Brazil,95842,345,68.82078659
11-09-2020,Germany,11511,301,39.73789885
12-09-2020,India,3011,362,47.98970816
13-09-2020,France,67370,395,68.5967736
14-09-2020,France,83863,217,1.737979019
15-09-2020,USA,8780,140,32.31306571
16-09-2020,Brazil,84996,103,97.30977481
17-09-2020,Brazil,83979,445,58.01122297
18-09-2020,USA,71395,209,25.42245799
19-09-2020,Brazil,88714,472,52.17300466
20-09-2020,India,11211,480,
21-09-2020,France,37604,110,53.22449888
22-09-2020,India,1902,103,12.57415118
23-09-2020,France,8255,315,13.27146538
24-09-2020,,73756,170,14.3542362
25-09-2020,Brazil,39484,459,93.98197919
26-09-2020,Japan,47354,491,
,Japan,22018,355,16.23818947
28-09-2020,India,86081,495,18.83490838
29-09-2020,Germany,60813,323,73.08294749
30-09-2020,India,30406,132,15.61638448
01-10-2020,Brazil,16746,375,23.45612933
02-10-2020,France,46943,292,96.33468328
03-10-2020,Germany,96701,327,25.53065247
04-10-2020,France,90835,126,66.16323504
05-10-2020,Germany,16471,105,97.86312874
06-10-2020,USA,77471,496,37.42967671
07-10-2020,USA,2149,91,1.751599086
08-10-2020,India,31716,286,24.41472904
09-10-2020,Japan,21032,377,83.08771913
10-10-2020,Brazil,29955,392,86.4608836
11-10-2020,Japan,61534,50,76.85193645
12-10-2020,USA,72794,28,11.31098191
13-10-2020,India,43116,461,
14-10-2020,Germany,7500,295,91.8677797
15-10-2020,Germany,42742,296,60.06095425
16-10-2020,Germany,15251,213,94.08753563
17-10-2020,France,51507,266,82.68388837
18-10-2020,USA,66790,406,66.6971517
19-10-2020,Germany,4599,256,57.71852367
20-10-2020,USA,6395,301,34.85736672
21-10-2020,Japan,,100,15.92874452
22-10-2020,India,12283,404,60.49539227
,Germany,29399,345,31.81115536
24-10-2020,India,12974,109,86.64386675
25-10-2020,France,32811,419,99.33369374
26-10-2020,USA,5639,181,75.24277626
27-10-2020,Brazil,53451,470,9.048169529
28-10-2020,USA,61367,312,28.86855955
29-10-2020,USA,48454,0,
30-10-2020,USA,2657,318,65.05116478
31-10-2020,Brazil,38460,437,76.51908646
01-11-2020,Brazil,82118,54,92.56748309
02-11-2020,Brazil,2300,370,43.81723464
,India,68597,423,90.13756496
04-11-2020,Brazil,,398,87.7891159
,Brazil,21457,148,31.71957168
06-11-2020,Germany,77605,430,86.89006255
07-11-2020,USA,,456,37.56722519
08-11-2020,Japan,61235,308,29.68692746
09-11-2020,USA,50208,136,64.90746588
10-11-2020,Japan,94279,201,32.83812279
11-11-2020,France,90372,435,63.02087483
12-11-2020,Japan,38567,312,60.98318055
13-11-2020,Japan,23428,116,56.34389273
14-11-2020,India,91512,153,38.04197042
15-11-2020,Japan,86931,424,54.84997217
16-11-2020,USA,4087,290,59.6485475
17-11-2020,Brazil,58971,62,54.56868885
18-11-2020,USA,22499,243,44.44194528
19-11-2020,Brazil,46314,24,1.466705705
20-11-2020,USA,99622,89,58.70617077
21-11-2020,Germany,86516,74,
22-11-2020,India,70371,293,64.25759689
23-11-2020,Brazil,44164,385,75.93443279
24-11-2020,Germany,70191,390,50.04453091
25-11-2020,Brazil,40918,209,54.2363665
,USA,45625,474,95.14785597
27-11-2020,Japan,19930,,84.71673614
28-11-2020,Brazil,17529,346,91.4236516
29-11-2020,France,6993,16,
30-11-2020,Japan,80009,127,10.89183418
01-12-2020,India,47433,426,14.8991856
02-12-2020,Brazil,3536,442,52.66237973
03-12-2020,France,74390,363,
04-12-2020,USA,76313,250,47.6695475
05-12-2020,Germany,5995,178,
06-12-2020,France,19838,,54.94142384
,India,30846,151,74.68757161
08-12-2020,India,49477,24,71.54909071
09-12-2020,India,,454,52.12341325
10-12-2020,Brazil,54145,179,82.23934188
11-12-2020,India,97988,197,43.08620915
12-12-2020,,39890,343,89.67142898
13-12-2020,India,5700,160,7.128027006
14-12-2020,,94760,176,95.466003
15-12-2020,Brazil,93279,284,65.46930814
,India,40864,62,38.00745089
17-12-2020,France,74643,490,19.71541266
18-12-2020,India,45814,149,47.91832294
19-12-2020,France,56935,153,19.45583232
20-12-2020,USA,73844,155,16.63316077
21-12-2020,Germany,56591,369,61.73517574
22-12-2020,India,18689,468,52.30847246
23-12-2020,,43584,,67.00960346
24-12-2020,Germany,83089,454,
25-12-2020,Brazil,36312,,53.22602133
26-12-2020,Japan,43625,83,58.09320533
27-12-2020,USA,47302,360,8.962633915
28-12-2020,Japan,32735,176,71.76357859
29-12-2020,Japan,63308,147,39.99052068
30-12-2020,France,33928,117,97.67252387
01-01-2020,Germany,18811,341,82.31740156
,India,3520,475,52.24810405
03-01-2020,USA,96852,62,12.32226542
04-01-2020,India,401,188,85.94157933
05-01-2020,India,45336,359,79.97810954
06-01-2020,Brazil,66335,48,18.45851295
07-01-2020,France,54340,326,29.52782892
08-01-2020,Germany,65826,256,79.34072581
09-01-2020,India,10592,223,18.52284465
10-01-2020,Japan,6202,140,91.77524892
11-01-2020,Germany,50436,477,42.45274252
12-01-2020,India,85414,214,8.703896259
13-01-2020,France,26741,434,81.57486435
14-01-2020,France,34684,378,37.3509683
15-01-2020,Japan,32845,439,52.64991942
16-01-2020,,23193,210,11.23043444
17-01-2020,Germany,66205,317,0.258401484
18-01-2020,Germany,51985,31,63.79852058
19-01-2020,France,36731,157,51.51751703
20-01-2020,India,73091,284,59.35385691
,India,4114,304,79.37438504
22-01-2020,Germany,11193,428,64.66059134
23-01-2020,India,18170,476,17.47734428
24-01-2020,France,35877,285,36.07725191
25-01-2020,Germany,57058,143,90.58911048
26-01-2020,Brazil,82174,423,76.99447003
27-01-2020,Japan,10829,18,55.66370579
28-01-2020,USA,99813,17,25.56449978
29-01-2020,Japan,45117,256,30.20605018
30-01-2020,,66420,77,73.19580676
31-01-2020,,27851,370,85.11742609
01-02-2020,Brazil,78169,174,67.14246695
02-02-2020,Japan,54848,497,
03-02-2020,Brazil,5901,193,76.66561352
04-02-2020,Japan,19290,475,14.9703968
05-02-2020,India,49789,112,42.39448129
06-02-2020,Brazil,51093,113,15.29838008
07-02-2020,Japan,29692,,23.52355848
08-02-2020,Brazil,,165,86.92596247
09-02-2020,USA,8816,434,47.28919656
10-02-2020,Brazil,88991,318,53.53581018
11-02-2020,USA,87645,131,17.84459652
12-02-2020,India,90012,384,31.2271786
13-02-2020,USA,70416,263,23.02461684
14-02-2020,Germany,2468,412,20.61861645
15-02-2020,USA,77675,,63.79607933
16-02-2020,Japan,6755,358,25.68838476
17-02-2020,Japan,70131,130,63.2015486
18-02-2020,Germany,76529,287,5.845461411
19-02-2020,France,91183,265,14.17743935
20-02-2020,Brazil,88022,457,27.4540254
21-02-2020,Brazil,55866,466,59.70469169
22-02-2020,India,13503,365,67.58412451
23-02-2020,India,32197,161,44.27169668
24-02-2020,France,,379,44.57909146
25-02-2020,Brazil,,480,72.45168514
26-02-2020,Germany,99257,86,1.582109177
27-02-2020,India,93948,54,34.10900245
28-02-2020,USA,53021,475,81.87070571
29-02-2020,Japan,49826,287,60.32194102
01-03-2020,France,50400,177,33.72271328
02-03-2020,Brazil,22777,390,90.55247923
03-03-2020,USA,55709,348,77.26227274
04-03-2020,USA,96925,7,26.48954472
05-03-2020,India,56761,320,64.52898375
06-03-2020,Germany,31124,312,59.57507282
07-03-2020,Japan,70413,246,40.1187914
08-03-2020,USA,53106,322,36.69560792
09-03-2020,France,95385,471,34.35604748
10-03-2020,Brazil,15438,470,61.71557834
11-03-2020,France,68127,442,44.24099365
12-03-2020,USA,,254,83.18631133
13-03-2020,Germany,80235,327,66.96026161
14-03-2020,Japan,19608,53,6.993160571
15-03-2020,USA,,248,64.01682238
16-03-2020,Brazil,48847,238,27.11474365
17-03-2020,,87242,228,59.28119917
18-03-2020,Brazil,87335,66,68.01319311
19-03-2020,Japan,54121,50,23.08291892
20-03-2020,Japan,66512,96,45.68586449
21-03-2020,USA,58435,91,19.03248628
,Germany,56279,494,5.233887579
23-03-2020,India,32193,263,37.84764235
24-03-2020,Brazil,69778,,36.29442718
25-03-2020,India,80838,290,99.54804907
26-03-2020,Germany,39834,95,44.63523512
27-03-2020,USA,72715,,33.35695495
28-03-2020,India,73623,77,58.04750067
29-03-2020,USA,94576,,8.876739411
30-03-2020,Japan,17119,119,96.1665736
31-03-2020,India,,301,63.49600456
01-04-2020,Germany,91894,490,75.48378199
02-04-2020,India,86772,399,17.04779382
03-04-2020,USA,73947,451,40.9477853
04-04-2020,USA,82850,499,42.26891134
05-04-2020,India,,164,82.18064439
06-04-2020,USA,28351,,0.123667976
07-04-2020,Brazil,26045,468,
08-04-2020,Brazil,90952,397,98.12363743
09-04-2020,Brazil,32317,222,47.48865435
,Japan,8408,310,38.25262802
11-04-2020,Germany,6049,431,11.9829002
12-04-2020,Germany,52090,465,97.41646286
13-04-2020,Brazil,1250,6,2.002635593
14-04-2020,France,89580,329,73.7180225
,India,74840,262,76.85998048
16-04-2020,Brazil,66717,160,24.36567161
17-04-2020,India,94941,150,67.15584436
18-04-2020,Japan,16996,84,9.292914438
19-04-2020,India,46275,146,25.70472664
20-04-2020,Germany,7905,,78.79019883
21-04-2020,Brazil,5337,380,86.4686192
22-04-2020,Germany,,402,60.84864127
23-04-2020,France,45643,35,50.68384318
24-04-2020,USA,56656,284,15.93040206
25-04-2020,Japan,3443,187,6.310903308
26-04-2020,India,13600,81,11.76490285
27-04-2020,Japan,53322,1,22.73573001
28-04-2020,Japan,29475,384,34.16745019
29-04-2020,USA,9762,302,38.09095255
30-04-2020,Brazil,17064,196,34.63217686
01-05-2020,USA,59738,403,23.90553322
02-05-2020,USA,73766,10,50.97242468
03-05-2020,USA,,233,82.52861082
04-05-2020,Germany,67315,385,27.97035385
05-05-2020,France,69142,194,94.23870191
06-05-2020,Japan,13384,470,87.33366617
07-05-2020,Brazil,72889,118,16.17642114
08-05-2020,France,84764,395,78.62759568
09-05-2020,Brazil,93568,19,57.45873823
10-05-2020,Japan,61489,260,56.65753622
11-05-2020,India,9535,292,39.10427631
12-05-2020,,54440,421,50.11529992
13-05-2020,Japan,44178,255,
14-05-2020,France,78932,221,53.97326188
15-05-2020,Japan,51393,392,62.79500528
16-05-2020,India,96081,225,67.43038064
17-05-2020,France,78881,52,53.24811926
18-05-2020,USA,60503,427,72.14220673
19-05-2020,France,29224,354,14.12780493
20-05-2020,India,95535,499,21.19824909
21-05-2020,USA,44019,341,81.87350041
22-05-2020,France,35347,363,32.25279778
23-05-2020,Brazil,94858,279,2.289382498
24-05-2020,USA,91847,80,15.37911497
25-05-2020,USA,62852,201,22.36144345
26-05-2020,Japan,56673,157,95.73228879
27-05-2020,Germany,59201,119,57.30414289
28-05-2020,Germany,26746,58,93.27307405
29-05-2020,France,23149,493,57.51633505
30-05-2020,India,79705,214,47.93544401
31-05-2020,Germany,,127,31.37276912
01-06-2020,Brazil,97479,223,60.63709444
02-06-2020,India,68485,208,13.91980246
03-06-2020,France,,369,89.82616273
04-06-2020,Germany,65517,114,82.93324051
05-06-2020,,23389,208,31.75314479
06-06-2020,Japan,9923,13,95.27975276
07-06-2020,USA,60260,8,82.52007674
,USA,42075,39,66.63068858
,Japan,9640,449,12.17619111
10-06-2020,Japan,16464,236,47.8234023
11-06-2020,Germany,4711,280,50.61075548
12-06-2020,Japan,27763,358,23.25513584
13-06-2020,France,52091,200,7.996539436
14-06-2020,India,57779,245,77.67236305
15-06-2020,USA,31077,277,12.20350521
16-06-2020,,94804,234,59.42907506
17-06-2020,India,49215,493,
18-06-2020,India,91107,3,87.61051926
19-06-2020,Japan,88323,153,27.77526237
,France,60990,441,85.14486376
21-06-2020,Germany,66487,28,0.033250612
22-06-2020,India,18171,,1.768780961
23-06-2020,Germany,59375,97,60.25531638
24-06-2020,France,72469,214,36.47982191
25-06-2020,Germany,12038,292,38.64608412
26-06-2020,France,35295,74,56.44410907
27-06-2020,India,91780,325,19.17824556
28-06-2020,India,4100,145,21.17553507
29-06-2020,India,70688,127,48.4601587
30-06-2020,USA,93710,340,75.42535443
01-07-2020,Germany,97956,41,61.94977514
02-07-2020,Germany,38404,355,29.73550482
03-07-2020,Germany,69549,40,43.03371775
04-07-2020,France,83086,421,17.06647585
05-07-2020,,89743,33,7.462981434
06-07-2020,USA,20864,16,78.26960407
07-07-2020,Japan,86127,164,26.53874092
08-07-2020,Germany,38594,152,17.77663879
09-07-2020,France,3473,485,69.16180556
10-07-2020,Germany,12261,377,61.80516743
11-07-2020,Japan,97632,75,63.3189626
12-07-2020,Japan,92758,86,22.88946048
13-07-2020,India,27450,116,23.26455386
14-07-2020,Japan,93108,361,22.08026298
15-07-2020,Japan,94397,341,17.37525957
16-07-2020,India,25451,468,65.57236726
17-07-2020,USA,88768,26,84.80158852
18-07-2020,India,15405,312,72.43174697
19-07-2020,Brazil,75453,286,79.20936338
20-07-2020,Germany,76897,133,40.47984291
21-07-2020,Germany,66053,218,65.40757954
22-07-2020,Brazil,57558,167,35.42362404
23-07-2020,India,20458,97,52.5504622
24-07-2020,France,3367,267,48.16348465
25-07-2020,Germany,82845,236,17.68871451
26-07-2020,India,89688,308,38.70787603
27-07-2020,Brazil,38613,454,96.38222755
,Brazil,26192,,24.85802577
29-07-2020,,11438,172,13.38037363
30-07-2020,Brazil,512,400,41.85806216
31-07-2020,,7643,409,79.03377359
01-08-2020,Brazil,33596,468,
02-08-2020,France,60792,475,68.09748272
03-08-2020,India,89184,189,18.96948482
,Brazil,93020,121,61.8948193
05-08-2020,USA,44525,45,32.35003949
06-08-2020,Japan,38856,63,83.4303366
07-08-2020,Germany,18988,129,62.9298806
08-08-2020,USA,35835,309,19.88562778
09-08-2020,Germany,47395,362,6.461667984
10-08-2020,India,83142,192,4.263320929
11-08-2020,France,86099,306,37.14085677
12-08-2020,India,18055,180,26.58511367
,Brazil,37941,291,64.60901235
14-08-2020,India,70740,370,49.9333835
15-08-2020,Brazil,,281,
16-08-2020,USA,35011,28,14.9237778
17-08-2020,Japan,59131,148,12.71997627
18-08-2020,Germany,88826,266,86.46603921
19-08-2020,Brazil,7457,295,24.34779684
20-08-2020,Germany,32579,10,65.17106479
21-08-2020,India,61576,163,81.0685928
22-08-2020,Japan,44911,112,61.40813112
23-08-2020,Japan,36308,186,85.95652316
24-08-2020,Japan,20250,294,39.23937215
25-08-2020,France,71280,231,95.62221906
26-08-2020,India,43386,226,
27-08-2020,France,68550,309,10.21495297
28-08-2020,India,21452,97,65.86921462
29-08-2020,India,55169,54,94.28311414
30-08-2020,Brazil,14497,110,80.88834616
31-08-2020,USA,41655,,7.641685944
01-09-2020,Brazil,47059,245,27.93677139
02-09-2020,,828,405,93.03188848
03-09-2020,Brazil,50617,68,25.30584328
04-09-2020,Japan,66334,311,
05-09-2020,USA,40054,288,82.51321959
06-09-2020,India,47380,249,49.54521035
07-09-2020,Germany,79559,35,38.63489098
08-09-2020,Japan,16879,238,45.01244324
09-09-2020,Brazil,64032,147,22.69646944
10-09-2020,,73036,466,88.93909161
11-09-2020,Germany,24566,226,45.06196567
12-09-2020,Germany,37039,243,88.24594405
13-09-2020,Japan,69996,490,10.56934799
14-09-2020,India,35370,336,98.8275271
15-09-2020,,59263,445,44.32730874
16-09-2020,USA,82737,364,4.783082039
17-09-2020,Brazil,52034,490,3.802184824
18-09-2020,Japan,64995,481,
19-09-2020,France,32407,200,65.90355342
20-09-2020,Germany,54198,153,80.21305581
21-09-2020,India,61021,449,10.5367534
22-09-2020,France,5586,72,3.557086704
23-09-2020,India,8435,200,50.85792894
24-09-2020,India,87000,295,38.75952315
25-09-2020,,89212,16,46.19469367
26-09-2020,USA,97303,128,99.15884089
27-09-2020,Brazil,11230,216,97.07499577
28-09-2020,USA,87608,60,94.23153897
29-09-2020,Germany,60666,426,
30-09-2020,Germany,66803,103,35.48413603
01-10-2020,India,27292,,41.21309303
02-10-2020,Japan,1162,24,54.96160437
03-10-2020,India,84176,38,83.05344564
04-10-2020,France,89880,,6.871283252
05-10-2020,France,21645,130,42.42968859
06-10-2020,Brazil,21789,497,8.261766346
07-10-2020,USA,11274,228,51.46575866
08-10-2020,Japan,,107,89.8900824
09-10-2020,India,,171,78.24849246
10-10-2020,France,23814,434,22.78424175
11-10-2020,Germany,38202,477,97.59908496
12-10-2020,France,74560,101,66.7350398
13-10-2020,France,90030,353,1.04276994
14-10-2020,France,6901,11,25.54134847
15-10-2020,USA,72367,274,26.07132999
16-10-2020,Germany,48236,100,6.925430629
17-10-2020,Germany,23725,43,95.98265181
18-10-2020,Germany,82973,442,47.82552946
19-10-2020,Brazil,72692,304,89.58145974
20-10-2020,Brazil,,,32.22155034
21-10-2020,Japan,44361,16,12.52335704
22-10-2020,India,1642,329,47.43361099
23-10-2020,Brazil,21777,56,
24-10-2020,India,46832,310,48.6015503
25-10-2020,France,50443,496,92.02971812
26-10-2020,USA,39181,302,52.07681418
27-10-2020,USA,62956,11,61.64997269
28-10-2020,Japan,93205,317,15.6638437
29-10-2020,Brazil,88958,79,4.373562588
30-10-2020,Japan,19165,215,11.08079622
31-10-2020,Japan,83560,338,59.85315757
01-11-2020,India,,263,9.501169899
02-11-2020,,54793,478,
03-11-2020,France,27062,148,55.00919405
04-11-2020,India,28395,80,38.86527986
,France,13907,214,16.36838015
06-11-2020,Brazil,42448,484,27.37913075
07-11-2020,,26532,373,92.83175328
08-11-2020,Germany,83385,463,67.59822756
09-11-2020,USA,91892,197,49.60478387
10-11-2020,Germany,57954,199,1.271488999
11-11-2020,France,40362,24,99.24154005
12-11-2020,India,37180,465,67.14549349
,India,1424,88,31.69224773
14-11-2020,France,,267,87.926866
15-11-2020,India,,142,25.84316203
16-11-2020,France,89439,,54.40165792
17-11-2020,,19970,409,63.60707637
18-11-2020,Japan,34678,,22.10633715
19-11-2020,USA,72224,364,97.83972788
20-11-2020,Brazil,26890,25,74.8191906
21-11-2020,Japan,25389,46,55.78132255
22-11-2020,USA,55229,287,18.05945982
23-11-2020,USA,93814,265,5.3858207
24-11-2020,Japan,94346,15,32.00598325
25-11-2020,India,15585,198,75.31873359
26-11-2020,USA,44582,400,26.93312983
27-11-2020,Japan,86288,406,53.95562205
28-11-2020,Brazil,4848,281,72.79471767
,Japan,86869,468,10.79437146
30-11-2020,India,9535,85,68.52980161
01-12-2020,USA,3809,249,9.187088771
02-12-2020,Japan,30455,390,96.51297421
03-12-2020,,55871,269,48.83941301
04-12-2020,Germany,57899,334,15.06761077
05-12-2020,France,13216,116,34.2383636
06-12-2020,France,25570,6,41.34164493
07-12-2020,India,42444,136,75.81850111
08-12-2020,Germany,43018,370,
09-12-2020,France,52324,175,61.19405053
10-12-2020,India,39398,327,10.59307126
11-12-2020,USA,80319,497,
12-12-2020,India,61729,314,9.375692065
13-12-2020,Brazil,66140,214,57.71727833
14-12-2020,Germany,99618,476,87.71384415
15-12-2020,Brazil,99935,81,
16-12-2020,France,,222,16.0848174
17-12-2020,Germany,24060,477,55.80423251
18-12-2020,Germany,33691,371,81.17522169
19-12-2020,India,82948,422,74.17120615
20-12-2020,France,67741,482,88.14507797
21-12-2020,USA,36495,,27.79020972
22-12-2020,USA,22800,442,19.39538673
23-12-2020,USA,34720,489,87.98164859
24-12-2020,Germany,20659,,65.75603128
25-12-2020,France,93145,272,
,India,93496,13,74.23480506
27-12-2020,Germany,61742,158,81.51183845
28-12-2020,Germany,76639,151,61.49782403
29-12-2020,Brazil,21832,482,68.78841099
30-12-2020,Japan,91462,107,37.52599044
01-01-2020,France,30454,187,53.86956673
02-01-2020,Germany,13943,300,52.41591707
03-01-2020,USA,71826,97,84.80477911
,USA,17740,130,83.99639803
05-01-2020,Brazil,52628,292,83.26804693
06-01-2020,India,38513,170,1.103161426
07-01-2020,France,52738,423,74.95454845
08-01-2020,Japan,52836,473,75.86763901
09-01-2020,India,68966,182,67.83788229
10-01-2020,Japan,19187,470,75.62646579
,France,,363,84.19703715
12-01-2020,Japan,24604,38,47.03190541
13-01-2020,Japan,7214,14,50.20502135
14-01-2020,Brazil,78959,375,12.47140569
15-01-2020,Germany,99757,496,38.5375883
16-01-2020,India,11075,3,64.33651799
17-01-2020,USA,11123,348,78.03997761
18-01-2020,India,21547,469,21.72090977
19-01-2020,Japan,90569,408,13.78228992
20-01-2020,,24059,396,66.30420045
21-01-2020,India,66303,209,0.187988352
22-01-2020,USA,29803,160,17.83725843
23-01-2020,USA,9437,15,2.907138034
24-01-2020,USA,46527,492,16.68851179
25-01-2020,Brazil,61629,425,18.13192799
26-01-2020,France,84765,107,38.76735948
27-01-2020,Brazil,32021,381,40.23271247
28-01-2020,,33407,449,87.42624706
29-01-2020,India,27455,310,51.01097125
30-01-2020,India,4935,226,72.34047656
31-01-2020,India,20259,169,10.41373579
01-02-2020,France,47705,33,22.54387555
02-02-2020,France,38188,413,70.2943441
03-02-2020,France,78852,250,5.280396047
04-02-2020,Japan,55384,246,48.65976622
05-02-2020,USA,57143,268,59.93689657
06-02-2020,India,35647,140,60.21456441
07-02-2020,USA,97107,273,
08-02-2020,France,82944,415,32.21080042
09-02-2020,Japan,27632,95,63.6490651
10-02-2020,Japan,34449,226,14.89997361
11-02-2020,India,,378,69.54156483
12-02-2020,India,5813,38,74.59252088
13-02-2020,France,56278,301,98.19691904
14-02-2020,France,49507,499,
15-02-2020,France,70440,28,82.51306677
16-02-2020,India,,445,52.02965769
17-02-2020,USA,75772,496,37.34625961
18-02-2020,,65645,476,12.23767573
19-02-2020,India,84891,317,73.55056065
20-02-2020,India,58241,244,23.58575991
21-02-2020,Japan,23893,235,37.14220019
22-02-2020,Brazil,56670,184,6.25422269
23-02-2020,USA,95184,271,80.13669158
24-02-2020,Japan,,439,76.6588524
25-02-2020,Germany,1115,235,73.361583
26-02-2020,France,61913,238,29.94435105
27-02-2020,Brazil,27812,376,17.34800743
,France,8515,265,63.75532645
29-02-2020,France,62392,413,49.61663841
01-03-2020,India,23933,408,17.82524669
,USA,4258,,68.5911271
03-03-2020,India,62780,339,99.11264318
04-03-2020,,20409,,74.72195877
05-03-2020,Japan,7070,64,73.99863867
06-03-2020,,72574,477,95.03127529
07-03-2020,Germany,86804,176,20.29363676
08-03-2020,USA,46640,2,56.55499649
,USA,20484,428,97.9646715
10-03-2020,France,18117,,16.5294111
11-03-2020,Japan,75980,375,70.02519594
12-03-2020,Germany,8802,157,58.5810146
13-03-2020,Brazil,484,497,58.64790922
14-03-2020,Germany,504,323,69.76706275
15-03-2020,USA,41043,145,92.96169229
16-03-2020,India,48026,445,78.25819399
17-03-2020,USA,29289,292,5.613610342
18-03-2020,,12863,152,85.27280199
19-03-2020,Brazil,18484,431,22.55413299
20-03-2020,USA,60200,192,37.69141647
21-03-2020,France,98242,436,46.17328136
22-03-2020,Brazil,9960,493,48.09060008
23-03-2020,France,80742,462,43.51803993
24-03-2020,Brazil,50712,72,93.73532942
25-03-2020,Japan,23674,398,70.60190077
26-03-2020,Brazil,23624,304,63.1170646
27-03-2020,Japan,,376,4.984202778
28-03-2020,Germany,11016,343,90.39133303
29-03-2020,Brazil,4909,451,90.9390192
30-03-2020,Brazil,32301,139,78.02130634
31-03-2020,India,53430,,0.702920381
01-04-2020,France,13556,292,5.728025108
02-04-2020,Germany,56497,60,22.52237023
03-04-2020,France,,484,13.13494081
04-04-2020,India,34916,426,39.88360297
05-04-2020,France,45206,379,92.26230581
06-04-2020,France,54032,197,47.20604342
07-04-2020,Brazil,17200,294,1.340262643
08-04-2020,Germany,57191,439,28.27456896
09-04-2020,Germany,22049,318,4.459490837
10-04-2020,Brazil,70180,301,3.628762261
11-04-2020,Germany,37844,343,27.57198531
12-04-2020,Germany,45643,10,27.56123387
13-04-2020,USA,92293,61,
14-04-2020,USA,36287,332,97.48346528
15-04-2020,Brazil,7339,225,37.12070939
16-04-2020,Germany,14589,152,42.88868789
17-04-2020,India,58117,198,84.47894363
18-04-2020,Germany,,51,
19-04-2020,France,43225,259,15.63818044
20-04-2020,India,50022,58,85.30896234
21-04-2020,India,94174,71,4.650058644
22-04-2020,India,32149,147,61.96994402
23-04-2020,India,37231,348,56.19928475
24-04-2020,Japan,43044,62,34.59204475
25-04-2020,India,74063,309,31.51895211
26-04-2020,France,24385,372,77.18577262
27-04-2020,India,37726,242,8.642461076
28-04-2020,Germany,42908,492,23.67843093
29-04-2020,,88564,365,73.24487318
30-04-2020,USA,53971,329,54.83205837
01-05-2020,Japan,19298,106,12.79882085
02-05-2020,Germany,19858,225,
03-05-2020,France,15354,312,39.34478466
04-05-2020,,44338,217,82.78683753
05-05-2020,Brazil,1352,424,78.77130155
06-05-2020,Brazil,39864,,62.44254465
07-05-2020,Brazil,77809,258,49.44811313
08-05-2020,Japan,,375,97.95508404
09-05-2020,Germany,92334,261,14.49650724
10-05-2020,France,53782,4,72.51557276
,France,59594,260,19.11907015
12-05-2020,Germany,81417,53,33.82631053
13-05-2020,Japan,65315,46,30.86987434
14-05-2020,India,78687,214,94.70359877
15-05-2020,Germany,7049,176,96.73561778
16-05-2020,Brazil,55493,8,18.30154442
17-05-2020,Japan,73653,98,2.20351603
18-05-2020,France,7041,19,72.00080397
19-05-2020,Germany,26034,377,41.79899339
20-05-2020,,23486,240,8.884024509
21-05-2020,Germany,61986,60,68.37541056
22-05-2020,Japan,75845,378,54.51055283
23-05-2020,Brazil,83351,489,98.0516822
24-05-2020,Japan,,418,22.74094959
25-05-2020,Japan,53513,177,40.39778763
26-05-2020,Germany,56900,337,54.25458034
27-05-2020,Japan,97339,61,
28-05-2020,Brazil,42418,144,54.88386567
29-05-2020,,70273,215,
30-05-2020,Germany,70490,2,22.61470516
31-05-2020,India,52429,159,84.69187281
01-06-2020,Brazil,43188,226,42.8630547
02-06-2020,Japan,39911,485,14.09596275
03-06-2020,India,55579,268,66.41879145
04-06-2020,Japan,85492,119,21.60904532
05-06-2020,Japan,87469,380,9.756251024
06-06-2020,Japan,20063,494,
07-06-2020,USA,55223,88,46.01622645
08-06-2020,India,92805,328,74.92837127
09-06-2020,USA,73577,67,29.05875598
10-06-2020,India,14488,397,78.69701349
11-06-2020,Germany,5669,356,11.1935927
12-06-2020,Japan,69936,97,
13-06-2020,France,36686,266,97.8061818
14-06-2020,USA,12115,104,79.39897164
15-06-2020,India,45102,439,49.72559303
16-06-2020,India,6354,322,33.97774716
17-06-2020,France,17244,122,87.21357
18-06-2020,France,24314,475,54.48477591
19-06-2020,Germany,80819,28,75.84250179
20-06-2020,,71874,136,75.41076803
21-06-2020,,6190,194,1.794567857
22-06-2020,Brazil,11737,408,12.62537828
23-06-2020,India,22515,225,65.96293664
24-06-2020,USA,24171,331,16.16198113
25-06-2020,Germany,58343,169,25.54933447
26-06-2020,France,41340,8,94.66379542
27-06-2020,India,83907,462,56.01822584
28-06-2020,Japan,33534,39,75.0729507
29-06-2020,France,69824,24,55.79807388
30-06-2020,Germany,75797,260,55.25136148
01-07-2020,France,28832,394,9.415191013
02-07-2020,India,11414,442,34.36631926
03-07-2020,Japan,24054,225,28.24308987
04-07-2020,USA,57208,471,39.07283656
05-07-2020,Germany,87144,123,79.83441882
06-07-2020,Brazil,87605,462,37.19326679
07-07-2020,USA,36768,37,45.16968192
08-07-2020,France,23161,327,39.73813905
09-07-2020,France,79352,250,9.340797198
10-07-2020,Brazil,,,44.10721583
11-07-2020,India,17007,175,19.5609273
12-07-2020,France,18877,89,18.67232958
,India,93329,401,9.403610443
14-07-2020,Germany,51845,453,35.66709741
15-07-2020,India,91965,36,75.74818848
16-07-2020,Japan,81918,315,27.64416906
17-07-2020,USA,23724,175,31.23491019
18-07-2020,France,23421,460,64.26746577
19-07-2020,Germany,10588,,19.58408126
20-07-2020,Brazil,22674,452,89.69579304
21-07-2020,Brazil,5340,460,52.01905233
22-07-2020,India,43321,80,44.76029403
23-07-2020,India,10578,113,55.78201919
24-07-2020,,55745,39,16.60343134
25-07-2020,India,19362,300,61.34731386
26-07-2020,,52896,223,36.31007366
27-07-2020,Germany,4532,317,89.7186341
28-07-2020,France,95357,348,16.88542067
29-07-2020,France,64391,114,50.70511039
30-07-2020,India,79204,185,59.81126294
,,59499,322,3.338360179
01-08-2020,France,79814,55,36.36931248
02-08-2020,USA,50528,39,73.26352347
03-08-2020,France,87831,353,82.03775074
04-08-2020,Brazil,402,39,31.31619948
05-08-2020,Japan,82658,346,79.85932724
06-08-2020,Germany,155,460,96.77558771
07-08-2020,India,8817,236,85.68739361
08-08-2020,USA,28799,288,11.76439882
09-08-2020,Germany,73786,261,73.97303321
10-08-2020,France,67761,215,31.96668324
11-08-2020,USA,44347,146,98.84159894
12-08-2020,USA,16848,,48.53589832
,Brazil,4721,167,12.24338984
14-08-2020,Germany,,91,72.5185548
15-08-2020,France,5226,352,32.30111984
16-08-2020,Japan,5222,58,99.70781571
,Germany,18130,58,97.97824579
18-08-2020,USA,82938,303,65.6134018
19-08-2020,USA,84817,168,12.9826449
20-08-2020,Japan,55758,268,68.68609977
21-08-2020,France,38738,362,9.303048646
22-08-2020,Brazil,67167,44,2.93641591
23-08-2020,USA,88969,344,82.29584462
24-08-2020,Brazil,34774,180,20.97529477
25-08-2020,Germany,35954,169,37.90271262
26-08-2020,Japan,46371,355,97.345739
27-08-2020,USA,73788,190,
28-08-2020,Germany,38618,154,29.64897813
29-08-2020,,10367,421,91.82079996
30-08-2020,France,90925,,11.07484453
31-08-2020,France,,6,75.95824101
01-09-2020,France,50548,132,98.80655667
02-09-2020,,95562,234,90.12960108
03-09-2020,India,6329,44,65.16679187
04-09-2020,India,56893,313,31.4060795
05-09-2020,Brazil,48015,248,25.43219812
06-09-2020,Germany,4732,498,81.92551049
07-09-2020,France,3696,30,87.9821914
,Germany,6268,22,52.54349125
09-09-2020,USA,7661,425,24.43399408
10-09-2020,India,73894,393,11.29432084
11-09-2020,Japan,82252,159,8.717946783
,India,26834,362,71.90774474
13-09-2020,Brazil,6471,436,42.01187278
14-09-2020,India,26169,157,90.53598743
15-09-2020,Germany,80005,38,73.96713007
16-09-2020,India,13010,414,19.12604179
17-09-2020,India,73579,81,61.37774188
,France,77835,355,43.55054544
19-09-2020,Brazil,81364,,57.72497308
20-09-2020,Brazil,,205,73.80691233
21-09-2020,Japan,72374,,80.6195881
22-09-2020,Germany,81549,476,84.37373264
23-09-2020,France,60104,11,25.39748746
24-09-2020,France,63081,294,3.111559992
25-09-2020,Japan,84759,449,73.92947352
26-09-2020,France,54653,223,10.63437263
